numero,file
0001,0001_ciao_mi chiamo emotto.mp3
0002,0002_sbadiglio.mp3
0003,0003_russa.mp3
0005,0005_Abbracciamidai.mp3
0006,0006_Buongiorno.mp3
0007,0007_ChepauraAiuto.mp3
0008,0008_chesonno.mp3
0009,0009_CiaoAmico.mp3
0010,0010_DaiBalliamo.mp3
0011,0011_Evitogliostacolicomeunni.mp3
0012,0012_Misentounpotriste.mp3
0013,0013_ModalitBluetoothattiva.mp3
0014,0014_ModalitEmozioniAttivata.mp3
0015,0015_ModalitvitaostacoliAttiva.mp3
0016,0016_Seiilmioumanopreferito.mp3
0017,0017_SonoArrabbiato.mp3
0018,0018_Sonoarrabbiatocomeunpuma.mp3
0019,0019_SonoTristeUffa.mp3
0020,0020_Waauwtuttobellissimo.mp3
0021,0021_sonofelicecome una caramella.mp3
0022,0022_Modalitinseguimentoattivata.mp3
0023,0023_CheNostalgia.mp3
0024,0024_AccipicchiaCheImbarazzo.mp3
0025,0025_CheInvidia.mp3
0026,0026_MammaMiaCheAnsia.mp3
0027,0027_UffaCheNoia.mp3
0028,0028_Sonodisgustato.mp3
0029,0029_ModalitCantanteAttivata.mp3
0030,0030_HovogliadiCantareVaicon.mp3
0032,0032_Emotto Robot 2.mp3
0033,0033_Rainbow.mp3
0034,0034_Cristal_.mp3
